app,test,connections,requested_rps,achieved_rps,p50_ms,p99_ms,p999_ms,max_ms,non2xx,socket_errors,start,end
cafeai-x256,warmup-json,64,20000,19814.29,1.06,2.04,2.49,5.27,0,0,1790884390,1790884420
cafeai-x256,warmup-block,1000,9000,8698.50,101.76,106.94,108.93,116.29,0,0,1790884420,1790884450
cafeai-x256,json,256,20000,19897.59,1.12,2.19,3.37,14.69,0,0,1790884451,1790884481
cafeai-x256,json,256,40000,39508.63,1.27,2.79,4.53,12.28,0,0,1790884481,1790884511
cafeai-x256,json,256,60000,59260.72,1.47,3.71,6.48,13.59,0,0,1790884511,1790884541
cafeai-x256,json,256,80000,79012.55,1.52,6.24,10.32,18.56,0,0,1790884541,1790884571
cafeai-x256,json,256,100000,94381.40,316.67,4420.00,4560.00,4620.00,0,0,1790884571,1790884601
cafeai-x256,json,256,120000,95710.32,3370.00,8890.00,9720.00,10720.00,0,0,1790884601,1790884631
cafeai-x256,block100,1000,9000,8672.01,102.08,106.37,107.97,110.40,0,0,1790884631,1790884661
cafeai-x256,block100,2000,18000,17095.01,101.76,113.86,118.14,121.41,0,0,1790884661,1790884691
cafeai-x256,block100,4000,36000,27260.18,3480.00,4730.00,4780.00,4850.00,0,0,1790884691,1790884721
cafeai-x256,block100,8000,72000,9648.63,15620.00,21280.00,21500.00,21530.00,0,1904,1790884721,1790884751
cafeai-x512,warmup-json,64,20000,19814.07,1.06,2.06,5.98,18.74,0,0,1790884755,1790884785
cafeai-x512,warmup-block,1000,9000,8699.35,101.50,105.15,107.97,111.81,0,0,1790884785,1790884815
cafeai-x512,json,256,20000,19613.62,1.24,2.72,3.40,8.57,0,0,1790884815,1790884845
cafeai-x512,json,256,40000,39227.84,1.25,2.82,4.23,8.65,0,0,1790884845,1790884875
cafeai-x512,json,256,60000,59263.08,1.52,3.85,6.49,12.77,0,0,1790884875,1790884905
cafeai-x512,json,256,80000,79015.10,1.56,6.78,11.94,20.42,0,0,1790884905,1790884935
cafeai-x512,json,256,100000,96253.78,119.68,3070.00,3140.00,3230.00,0,0,1790884935,1790884965
cafeai-x512,json,256,120000,95432.30,2220.00,11660.00,11850.00,11850.00,0,0,1790884966,1790884996
cafeai-x512,block100,1000,9000,8671.14,102.27,107.39,113.15,118.08,0,0,1790884996,1790885026
cafeai-x512,block100,2000,18000,17094.76,101.76,115.46,122.43,126.72,0,0,1790885026,1790885056
cafeai-x512,block100,4000,36000,32773.09,134.40,301.57,323.84,368.38,0,0,1790885056,1790885086
cafeai-x512,block100,8000,72000,30024.57,9690.00,12590.00,12810.00,12890.00,0,0,1790885086,1790885116
springmvc-x256,warmup-json,64,20000,19974.67,1.37,1650.00,1940.00,2150.00,0,0,1790885122,1790885152
springmvc-x256,warmup-block,1000,9000,8653.64,238.59,1170.00,1320.00,1540.00,0,0,1790885152,1790885182
springmvc-x256,json,256,20000,19756.89,1.33,3.58,6.51,15.03,0,0,1790885182,1790885212
springmvc-x256,json,256,40000,39225.99,2.20,24.75,435.97,1060.00,0,0,1790885212,1790885242
springmvc-x256,json,256,60000,47681.31,3900.00,6020.00,6380.00,6700.00,0,0,1790885242,1790885272
springmvc-x256,json,256,80000,48206.46,7780.00,11590.00,11890.00,12170.00,0,0,1790885272,1790885302
springmvc-x256,json,256,100000,47969.17,9930.00,15000.00,15290.00,15560.00,0,0,1790885302,1790885332
springmvc-x256,json,256,120000,48219.73,11530.00,17290.00,17560.00,17810.00,0,0,1790885332,1790885362
springmvc-x256,block100,1000,9000,8642.35,136.45,1180.00,1250.00,1290.00,0,0,1790885362,1790885392
springmvc-x256,block100,2000,18000,6945.42,11280.00,17810.00,18890.00,20170.00,0,196,1790885392,1790885422
springmvc-x256,block100,4000,36000,571.31,0.00,0.00,0.00,0.00,0,2115590,1790885422,1790885454
springmvc-x256,block100,8000,72000,,0.00,0.00,0.00,0.00,0,0,1790885454,1790885454
springmvc-x512,warmup-json,64,20000,19974.34,1.39,2100.00,2330.00,2510.00,0,0,1790885460,1790885490
springmvc-x512,warmup-block,1000,9000,8671.21,105.54,1060.00,1150.00,1160.00,0,0,1790885490,1790885520
springmvc-x512,json,256,20000,19897.76,1.26,3.18,8.84,23.74,0,0,1790885520,1790885550
springmvc-x512,json,256,40000,39227.06,1.93,152.83,918.53,1010.00,0,0,1790885550,1790885580
springmvc-x512,json,256,60000,49365.68,3340.00,5160.00,5480.00,5750.00,0,0,1790885580,1790885610
springmvc-x512,json,256,80000,49413.11,7350.00,11140.00,11430.00,11700.00,0,0,1790885610,1790885640
springmvc-x512,json,256,100000,49620.60,9810.00,14730.00,15020.00,15220.00,0,0,1790885640,1790885670
springmvc-x512,json,256,120000,49181.27,11490.00,17290.00,17550.00,17790.00,0,0,1790885670,1790885700
springmvc-x512,block100,1000,9000,8670.94,105.34,689.15,1080.00,1170.00,0,0,1790885700,1790885730
springmvc-x512,block100,2000,18000,13231.30,4180.00,6790.00,7300.00,8160.00,0,0,1790885730,1790885760
springmvc-x512,block100,4000,36000,8206.98,14660.00,21690.00,22970.00,24720.00,0,7614,1790885760,1790885790
springmvc-x512,block100,8000,72000,1757.56,0.00,0.00,0.00,0.00,0,1812663,1790885790,1790885821
springmvc-tuned-x256,warmup-json,64,20000,19973.56,1.23,2.53,4.36,139.26,0,0,1790885827,1790885857
springmvc-tuned-x256,warmup-block,1000,9000,8648.45,341.25,1170.00,1390.00,1550.00,0,0,1790885857,1790885887
springmvc-tuned-x256,json,256,20000,19756.54,1.27,3.01,5.70,13.25,0,0,1790885887,1790885917
springmvc-tuned-x256,json,256,40000,39790.81,1.68,19.84,49.44,101.95,0,0,1790885917,1790885947
springmvc-tuned-x256,json,256,60000,49924.52,2890.00,6540.00,7120.00,7480.00,0,0,1790885947,1790885977
springmvc-tuned-x256,json,256,80000,50549.13,6860.00,12200.00,12710.00,12950.00,0,0,1790885977,1790886007
springmvc-tuned-x256,json,256,100000,50664.00,9260.00,15080.00,15730.00,16100.00,0,0,1790886007,1790886037
springmvc-tuned-x256,json,256,120000,50919.72,11370.00,17740.00,18280.00,18640.00,0,0,1790886037,1790886067
springmvc-tuned-x256,block100,1000,9000,8649.77,120.13,219.52,246.65,366.08,0,0,1790886067,1790886097
springmvc-tuned-x256,block100,2000,18000,7031.09,10720.00,18040.00,19220.00,20200.00,0,859,1790886097,1790886127
springmvc-tuned-x256,block100,4000,36000,505.35,0.00,0.00,0.00,0.00,0,2173842,1790886127,1790886159
springmvc-tuned-x256,block100,8000,72000,,0.00,0.00,0.00,0.00,0,0,1790886159,1790886159
springmvc-tuned-x512,warmup-json,64,20000,19974.46,1.24,1070.00,1820.00,2190.00,0,0,1790886164,1790886194
springmvc-tuned-x512,warmup-block,1000,9000,8670.78,106.05,444.93,638.46,985.09,0,0,1790886195,1790886225
springmvc-tuned-x512,json,256,20000,19613.28,1.44,3.77,6.40,11.28,0,0,1790886225,1790886255
springmvc-tuned-x512,json,256,40000,39509.38,1.71,18.75,39.87,103.36,0,0,1790886255,1790886285
springmvc-tuned-x512,json,256,60000,49316.62,3050.00,6860.00,7310.00,7610.00,0,0,1790886285,1790886315
springmvc-tuned-x512,json,256,80000,50519.41,6910.00,11850.00,12350.00,12750.00,0,0,1790886315,1790886345
springmvc-tuned-x512,json,256,100000,50226.52,9570.00,15330.00,15970.00,16250.00,0,0,1790886345,1790886375
springmvc-tuned-x512,json,256,120000,50571.93,11150.00,17630.00,18200.00,18610.00,0,0,1790886375,1790886405
springmvc-tuned-x512,block100,1000,9000,8671.01,105.34,153.73,168.83,189.70,0,0,1790886405,1790886435
springmvc-tuned-x512,block100,2000,18000,13893.35,3970.00,5890.00,6250.00,7060.00,0,0,1790886435,1790886465
springmvc-tuned-x512,block100,4000,36000,7662.89,14880.00,21990.00,23270.00,24690.00,0,9920,1790886465,1790886495
springmvc-tuned-x512,block100,8000,72000,1765.66,0.00,0.00,0.00,0.00,0,1732234,1790886495,1790886526
webflux-x256,warmup-json,64,20000,19974.34,1.44,4320.00,4980.00,5130.00,0,0,1790886532,1790886562
webflux-x256,warmup-block,1000,9000,8643.04,213.63,1570.00,1710.00,1800.00,0,0,1790886562,1790886592
webflux-x256,json,256,20000,19756.70,1.33,3.87,9.17,21.36,0,0,1790886592,1790886622
webflux-x256,json,256,40000,38461.79,300.54,3860.00,5470.00,5970.00,0,0,1790886622,1790886652
webflux-x256,json,256,60000,39193.06,6050.00,13480.00,16840.00,18480.00,0,0,1790886652,1790886682
webflux-x256,json,256,80000,38990.20,9970.00,17240.00,19430.00,22710.00,0,0,1790886682,1790886712
webflux-x256,json,256,100000,39515.05,12030.00,18870.00,21040.00,22970.00,0,0,1790886712,1790886742
webflux-x256,json,256,120000,39446.73,13180.00,20150.00,21970.00,23530.00,0,0,1790886742,1790886772
webflux-x256,block100,1000,9000,8699.97,104.19,123.90,130.82,138.62,0,0,1790886772,1790886802
webflux-x256,block100,2000,18000,14946.43,2510.00,3860.00,4040.00,4300.00,0,0,1790886802,1790886832
webflux-x256,block100,4000,36000,15920.07,10210.00,15720.00,16960.00,18350.00,0,1106,1790886832,1790886862
webflux-x256,block100,8000,72000,15937.09,11160.00,20370.00,22900.00,24850.00,0,40867,1790886862,1790886893
webflux-x512,warmup-json,64,20000,19974.07,1.46,4180.00,5210.00,5660.00,0,0,1790886900,1790886930
webflux-x512,warmup-block,1000,9000,8662.60,115.46,1520.00,1750.00,1900.00,0,0,1790886930,1790886960
webflux-x512,json,256,20000,19897.22,1.24,2.76,4.01,14.13,0,0,1790886960,1790886990
webflux-x512,json,256,40000,38000.08,243.84,3620.00,6490.00,7450.00,0,0,1790886990,1790887020
webflux-x512,json,256,60000,38657.31,6390.00,13210.00,15810.00,18990.00,0,0,1790887020,1790887050
webflux-x512,json,256,80000,39121.40,9230.00,16310.00,18270.00,20690.00,0,0,1790887050,1790887080
webflux-x512,json,256,100000,39474.09,11770.00,18300.00,20230.00,22450.00,0,0,1790887080,1790887110
webflux-x512,json,256,120000,39397.84,13180.00,20120.00,21590.00,23360.00,0,0,1790887110,1790887140
webflux-x512,block100,1000,9000,8671.50,105.41,120.06,126.91,135.42,0,0,1790887140,1790887170
webflux-x512,block100,2000,18000,17088.60,123.46,206.98,241.54,298.75,0,0,1790887170,1790887200
webflux-x512,block100,4000,36000,22270.37,6750.00,9140.00,9410.00,9810.00,0,0,1790887200,1790887231
webflux-x512,block100,8000,72000,18744.01,11470.00,20940.00,21730.00,22770.00,0,26619,1790887231,1790887261
javalin-x256,warmup-json,64,20000,19974.45,1.17,2.57,4.38,8.92,0,0,1790887265,1790887295
javalin-x256,warmup-block,1000,9000,8671.47,103.49,697.85,1020.00,1120.00,0,0,1790887295,1790887325
javalin-x256,json,256,20000,19756.79,1.24,3.07,5.08,9.56,0,0,1790887325,1790887356
javalin-x256,json,256,40000,39507.64,1.63,6.23,12.77,33.85,0,0,1790887356,1790887386
javalin-x256,json,256,60000,52014.98,1950.00,6030.00,6630.00,7490.00,0,0,1790887386,1790887416
javalin-x256,json,256,80000,52205.81,6320.00,11910.00,12620.00,12940.00,0,0,1790887416,1790887446
javalin-x256,json,256,100000,52439.55,9310.00,15320.00,15940.00,16380.00,0,0,1790887446,1790887476
javalin-x256,json,256,120000,51788.57,11020.00,17530.00,18240.00,18740.00,0,0,1790887476,1790887506
javalin-x256,block100,1000,9000,8671.65,103.61,207.23,467.20,559.10,0,0,1790887506,1790887536
javalin-x256,block100,2000,18000,10123.51,8220.00,12090.00,12510.00,13280.00,0,0,1790887536,1790887566
javalin-x256,block100,4000,36000,613.73,0.00,0.00,0.00,0.00,0,2103726,1790887566,1790887597
javalin-x256,block100,8000,72000,,0.00,0.00,0.00,0.00,0,0,1790887597,1790887597
javalin-x512,warmup-json,64,20000,19974.93,1.17,2.57,4.30,6.80,0,0,1790887601,1790887631
javalin-x512,warmup-block,1000,9000,8671.99,103.23,916.99,1190.00,1260.00,0,0,1790887631,1790887661
javalin-x512,json,256,20000,19613.08,1.38,3.76,5.75,9.38,0,0,1790887661,1790887691
javalin-x512,json,256,40000,39509.83,1.59,5.67,9.65,16.27,0,0,1790887691,1790887721
javalin-x512,json,256,60000,53640.97,1770.00,5640.00,6140.00,6490.00,0,0,1790887721,1790887751
javalin-x512,json,256,80000,53027.95,6020.00,11200.00,11940.00,12630.00,0,0,1790887751,1790887781
javalin-x512,json,256,100000,53578.34,8870.00,14780.00,15390.00,15760.00,0,0,1790887782,1790887812
javalin-x512,json,256,120000,53938.67,10630.00,17020.00,17650.00,17920.00,0,0,1790887812,1790887842
javalin-x512,block100,1000,9000,8671.94,104.00,118.46,318.98,396.80,0,0,1790887842,1790887872
javalin-x512,block100,2000,18000,17088.65,103.93,143.62,158.34,168.70,0,0,1790887872,1790887902
javalin-x512,block100,4000,36000,12899.34,11980.00,16880.00,17380.00,18320.00,0,0,1790887902,1790887932
javalin-x512,block100,8000,72000,2420.46,0.00,0.00,0.00,0.00,0,1242240,1790887932,1790887962
